Club,In-Degree Centrality,Betweenness Centrality,PageRank
Chelsea,0.36363636363636365,0.08181818181818183,0.15012977860866988
Manchester United,0.2727272727272727,0.15454545454545454,0.1383400294589158
Arsenal,0.36363636363636365,0.00909090909090909,0.12774188617720142
Sunderland,0.09090909090909091,0.0,0.11990836439431073
Newcastle United,0.09090909090909091,0.0,0.11990836439431073
Tottenham Hotspur,0.2727272727272727,0.0,0.11123808806509633
Liverpool,0.36363636363636365,0.054545454545454536,0.09575549834346593
Manchester City,0.09090909090909091,0.00909090909090909,0.041506377960965846
Leeds United,0.09090909090909091,0.0,0.041506377960965846
Everton,0.0,0.0,0.01798841154536583
Aston Villa,0.0,0.0,0.01798841154536583
Birmingham City,0.0,0.0,0.01798841154536583
